station,borough,trainno,equipment,equipmenttype,serving,ADA,outagedate,estimatedreturntoservice,reason,isupcomingoutage,ismaintenanceoutage
Parkchester,,6,ES111,ES,Westchester Ave entrance to Manhattan-bound platform,N,01/05/2024 12:50:00 PM,12/31/2025 11:59:00 PM,Capital Replacement,N,N
Smith-9 Sts,,F/G,ES348,ES,9th St & Smith St (NE corner) to intermediate mezzanine,N,09/09/2024 10:00:00 PM,12/31/2025 11:59:00 PM,Capital Replacement,N,N
61 St-Woodside,,7/LIRR,ES448,ES,61 St & Roosevelt Ave (SE corner) to mezzanine,N,09/30/2024 12:05:00 PM,12/31/2025 11:59:00 PM,Capital Replacement,N,N
42St/Port Authority-Bus Terminal,,A/C/E/N/Q/R/W/1/2/3/7/S,EL290X,EL,intermediate landing to mezzanine for A/C/E service in both directions,Y,10/28/2024 06:26:00 AM,12/31/2025 10:00:00 PM,Repair,N,N
161 St-Yankee Stadium,,B/D/4,EL131,EL,161 St & River Ave (NE corner) to mezzanine to reach 4/B/D service in both directions,Y,11/04/2024 08:25:00 AM,01/01/2026 11:59:00 PM,Capital Replacement,N,N
161 St-Yankee Stadium,,B/D/4,EL134,EL,mezzanine to Manhattan-bound B/D platform,Y,11/06/2024 08:08:00 AM,01/01/2026 11:59:00 PM,Capital Replacement,N,N
161 St-Yankee Stadium,,B/D/4,EL135,EL,Mezzanine to B/D platform for Bedford Pk Blvd and Norwood 205 St-bound service.,Y,11/06/2024 08:40:00 AM,01/01/2026 11:59:00 PM,Capital Replacement,N,N
161 St-Yankee Stadium,,B/D/4,EL132,EL,B/D mezzanine to Woodlawn-bound 4 platform and mezzanine for Manhattan-bound 4 service,Y,11/06/2024 09:00:00 AM,12/31/2025 11:59:00 PM,Capital Replacement,N,N
161 St-Yankee Stadium,,B/D/4,EL133,EL,mezzanine to Manhattan-bound 4 platform,Y,11/06/2024 09:00:00 AM,12/31/2025 11:59:00 PM,Capital Replacement,N,N
Lexington Av/63 St,,F/M/Q,ES405,ES,intermediate mezzanine (Lexington Ave & 63 St) to lower mezzanine,N,12/11/2024 11:00:00 PM,02/06/2026 11:59:00 PM,Capital Replacement,N,N
Lexington Av/63 St,,F/M/Q,ES402,ES,upper mezzanine to Lexington Ave & 63 St (NW corner),N,12/11/2024 11:00:00 PM,12/31/2025 11:59:00 PM,Capital Replacement,N,N
Lexington Av/63 St,,F/M/Q,ES401,ES,Lexington Ave & 63 St (NW corner) to upper mezzanine,N,12/11/2024 11:00:00 PM,12/31/2025 11:59:00 PM,Capital Replacement,N,N
Lexington Av/63 St,,F/M/Q,ES407,ES,lower mezzanine (Lexington Ave & 63 St) to downtown platform,N,12/11/2024 11:00:00 PM,01/22/2026 11:59:00 PM,Capital Replacement,N,N
Smith-9 Sts,,F/G,ES349,ES,intermediate mezzanine to upper mezzanine,N,02/10/2025 11:33:00 AM,12/31/2025 11:59:00 PM,Capital Replacement,N,N
Lexington Av/63 St,,F/M/Q,ES403,ES,upper mezzanine (Lexington Ave & 63 St) to intermediate mezzanine,N,02/11/2025 10:00:00 PM,02/20/2026 11:59:00 PM,Capital Replacement,N,N
21 St-Queensbridge,,F/M,ES424,ES,Manhattan-bound platform to mezzanine,N,04/21/2025 10:20:00 PM,12/31/2025 11:59:00 PM,Capital Replacement,N,N
21 St-Queensbridge,,F/M,ES423,ES,mezzanine to Manhattan-bound platform,N,04/21/2025 10:20:00 PM,12/31/2025 11:59:00 PM,Capital Replacement,N,N
DeKalb Av,,B/Q/R,EL371,EL,mezzanine to Manhattan-bound platform,Y,05/01/2025 10:30:00 PM,12/31/2025 11:00:00 PM,Capital Replacement,N,N
DeKalb Av,,B/Q/R,EL370,EL,Dekalb Ave & Flatbush Ave (SW corner) and mezzanine for service in both directions,Y,05/01/2025 10:45:00 PM,12/31/2025 11:00:00 PM,Capital Replacement,N,N
DeKalb Av,,B/Q/R,EL372,EL,"mezzanine to Brighton Beach, Coney Island, and Bay Ridge-bound platform",Y,05/01/2025 11:00:00 PM,12/31/2025 11:00:00 PM,Capital Replacement,N,N
14 St,,A/C/E/L,EL223,EL,mezzanine to uptown A/C/E platform,Y,05/20/2025 11:10:00 PM,12/31/2025 11:59:00 PM,Capital Replacement,N,N
34 St-Penn Station,,A/C/E,EL225,EL,34 St & 8th Ave (SE corner) to uptown C/E platform and access to rest of complex,Y,05/21/2025 12:10:00 AM,12/31/2025 12:00:00 AM,Capital Replacement,N,N
34 St-Penn Station,,A/C/E,EL226,EL,uptown C/E platform to lower mezzanine for access to Penn Station concourse and rest of complex,Y,05/21/2025 01:05:00 AM,12/31/2025 12:00:00 AM,Capital Replacement,N,N
145 St,,A/C/B/D,ES115,ES,uptown B/D platform to mezzanine for 147 St & St Nicholas Av exit,N,06/17/2025 12:20:00 AM,01/31/2026 11:00:00 PM,Capital Replacement,N,N
Times Sq-42 St,,A/C/E/N/Q/R/W/1/2/3/7/S,EL229,EL,mezzanine to downtown N/Q/R/W platform,Y,06/20/2025 10:00:00 AM,12/31/2025 11:59:00 PM,Capital Replacement,N,N
125 St,,A/C/B/D,EL144,EL,mezzanine to uptown platform,Y,07/01/2025 11:50:00 PM,12/31/2025 11:59:00 PM,Capital Replacement,N,N
21 St-Queensbridge,,F/M,ES426,ES,Jamaica 179 St-bound platform to mezzanine,N,08/07/2025 08:36:00 AM,02/28/2026 11:00:00 PM,Capital Replacement,N,N
21 St-Queensbridge,,F/M,ES425,ES,mezzanine to Jamaica 179 St-bound platform,N,08/07/2025 08:36:00 AM,02/28/2026 11:00:00 PM,Capital Replacement,N,N
High St,,A/C,ES350,ES,lower mezzanine to upper mezzanine for Cadman Plaza West & Middagh St exit,N,08/11/2025 10:15:00 PM,05/11/2026 10:00:00 PM,Capital Replacement,N,N
Lexington Av/53 St,,E/F/6,EL245,EL,mezzanine to E/F platform for service in both directions,Y,09/09/2025 12:15:00 AM,01/31/2026 11:00:00 PM,Capital Replacement,N,N
Canal St,,J/N/Q/R/W/6/Z,EL325,EL,Canal St & Lafayette St (NE corner) to downtown 6 platform,Y,09/16/2025 01:30:00 AM,04/16/2026 11:59:00 PM,Capital Replacement,N,N
14 St-Union Sq,,L/N/Q/R/W/4/5/6,EL217,EL,14 St and 4th Av (NE corner) to mezzanine for L/N/Q/R/W service in both directions.,Y,09/30/2025 09:42:00 AM,03/31/2026 11:59:00 PM,Capital Replacement,N,N
14 St-Union Sq,,L/N/Q/R/W/4/5/6,EL218,EL,mezzanine to L platform for service in both directions,Y,09/30/2025 10:45:00 AM,03/31/2026 11:59:00 PM,Capital Replacement,N,N
Church Av,,2/5,EL321,EL,Nostrand Ave & Church Ave (SW corner) to Flatbush Av Brooklyn College-bound platform,Y,10/06/2025 10:24:00 PM,05/31/2026 11:59:00 PM,Capital Replacement,N,N
Lexington Av/53 St,,E/F/6,ES254X,ES,E/F platform to mezzanine for 6 service and 53 St & Lexington Av exit.,N,10/14/2025 06:49:00 AM,01/01/2026 07:00:00 AM,Repair,N,N
Jackson Hts-Roosevelt Av,,E/F/M/R/7,EL421,EL,transfer mezzanine to Manhattan-bound E/F/M/R platform and mezzanine for access to Queens-bound E/F/M/R service,Y,10/27/2025 03:31:00 PM,06/30/2026 11:59:00 PM,Capital Replacement,N,N
Jackson Hts-Roosevelt Av,,E/F/M/R/7,EL422,EL,mezzanine to Forest Hills and Jamaica-bound E/F/M/R platform,Y,10/28/2025 11:20:00 PM,06/30/2026 11:59:00 PM,Capital Replacement,N,N
Lexington Av/63 St,,F/M/Q,ES410,ES,Uptown Q/Queens-bound M platform to lower mezzanine for 63 St/Lexington Av exit.,N,11/12/2025 08:00:00 PM,05/31/2026 11:57:00 PM,Capital Replacement,N,N
Lexington Av/63 St,,F/M/Q,ES409,ES,lower mezzanine (Lexington Ave & 63 St) to uptown Q and Queens-bound M platform,N,11/12/2025 08:00:00 PM,05/31/2026 11:59:00 PM,Capital Replacement,N,N
Lexington Av/59 St,,N/R/W/4/5/6,ES249,ES,mezzanine (3rd Ave & 60 St) to N/R/W platform for service in both directions,N,11/14/2025 02:12:00 AM,01/01/2026 10:00:00 PM,Repair,N,N
Park Place,,A/C/E/R/W/2/3,ES302,ES,mezzanine (Park Pl & Broadway) to 2/3 platform for service in both directions,N,11/20/2025 08:58:00 PM,07/31/2026 11:59:00 PM,Capital Replacement,N,N
Jamaica-179 St,,F,EL431,EL,179 Pl & Hillside Ave (SE corner) to mezzanine for Manhattan-bound service,Y,11/21/2025 11:40:00 PM,07/31/2026 11:59:00 PM,Capital Replacement,N,N
Jamaica-179 St,,F,EL432,EL,mezzanine to Manhattan-bound platform,Y,11/21/2025 11:40:00 PM,07/31/2026 11:59:00 PM,Capital Replacement,N,N
Jamaica-179 St,,F,EL433,EL,mezzanine to terminal platform,Y,11/21/2025 11:40:00 PM,07/31/2026 11:59:00 PM,Capital Replacement,N,N
Atlantic Av-Barclays Ctr,,B/D/N/Q/R/2/3/4/5/LIRR,EL301,EL,4th Ave and Pacific St (NE corner) to mezzanine for D/N/R service in both directions and access to rest of complex via Brooklyn-bound 2/3 platform,Y,11/29/2025 08:00:00 AM,12/21/2025 10:00:00 PM,Station is Under Rehabilitation,N,N
Crown Hts-Utica Av,,3/4,EL322,EL,Utica Ave & Eastern Pkwy to mezzanine for service in both directions,Y,12/01/2025 10:50:00 PM,08/31/2026 11:59:00 PM,Capital Replacement,N,N
Crown Hts-Utica Av,,3/4,EL323,EL,mezzanine (eastern entrance near Utica Ave) to platforms for service in both directions,Y,12/01/2025 11:14:00 PM,08/31/2026 11:59:00 PM,Capital Replacement,N,N
W 4 St-Wash Sq,,A/C/E/B/D/F/M,EL335,EL,uptown A/C/E platform to transfer mezzanine and uptown B/D/F/M platform,Y,12/02/2025 12:51:00 AM,04/30/2026 11:59:00 PM,Capital Replacement,N,N
Bedford Pk Blvd,,B/D,EL500,EL,Bedford Park Blvd and Grand Concourse (NW corner) to mezzanine for Manhattan-bound service,Y,12/02/2025 04:00:00 PM,12/16/2025 11:59:00 PM,Station is Under Rehabilitation,N,N
Prospect Park,,B/Q/S,EL383,EL,Lincoln Rd & Ocean Ave (NE corner) to Brighton Beach and Coney Island-bound B/Q platform,Y,12/02/2025 11:08:00 PM,08/31/2026 11:59:00 PM,Capital Replacement,N,N
Prospect Park,,B/Q/S,EL382,EL,Lincoln Rd & Ocean Ave (NE corner) to platform for Manhattan-bound B/Q service and Franklin Shuttle,Y,12/02/2025 11:25:00 PM,08/31/2026 11:59:00 PM,Capital Replacement,N,N
Coney Island-Stillwell Av,,D/F/N/Q,EL701,EL,N platform to overpass for access to D platform,Y,12/08/2025 11:09:00 PM,07/31/2026 11:59:00 PM,Capital Replacement,N,N
233 St,,2/5,EL194,EL,mezzanine to Manhattan-bound platform,Y,12/10/2025 09:05:00 AM,01/05/2026 05:00:00 PM,Repair,N,N
34 St-Herald Sq,,B/D/F/M/N/Q/R/W,ES223,ES,PATH mezzanine to intermediate mezzanine for 32 St & 6th Ave exit,N,12/10/2025 09:30:00 AM,12/13/2025 02:00:00 PM,Planned Work,N,N
Lexington Av/53 St,,E/F/6,ES269,ES,6 mezzanine (53 St & Lexington Av) to E/F platform for both directions.,N,12/11/2025 10:37:00 AM,12/13/2025 07:00:00 PM,Repair,N,N
59 St-Columbus Circle,,A/C/B/D/1,ES251X,ES,8th Ave & 58 St (NW corner) to mezzanine for A/B/C/D & downtown 1 service and access to uptown 1,N,12/12/2025 04:57:00 PM,12/15/2025 05:00:00 PM,Repair,N,N
14 St-Union Sq,,L/N/Q/R/W/4/5/6,ES258X,ES,14 St & 4th Ave (NE corner) to mezzanine for 4/5/6/L service and access to N/Q/R/W,N,12/12/2025 09:13:00 PM,12/15/2025 10:00:00 PM,Repair,N,N
96 St,,Q,ES259,ES,96 St & 2nd Ave (SW corner) to mezzanine,N,12/13/2025 07:35:00 AM,12/13/2025 03:00:00 PM,Planned Work,N,N
High St,,A/C,ES322,ES,upper mezzanine (Cadman Plaza West & Middagh St) to lower mezzanine,N,12/13/2025 08:00:00 AM,12/13/2025 11:59:00 PM,Warranty Repair,N,N
High St,,A/C,ES321,ES,lower mezzanine to upper mezzanine for Cadman Plaza West & Middagh St exit,N,12/13/2025 08:00:00 AM,12/13/2025 11:59:00 PM,Warranty Repair,N,N
Kingsbridge Rd,,B/D,EL189,EL,Kingsbridge Rd & Grand Concourse (SE corner) to mezzanine for service in both directions,Y,12/13/2025 10:05:00 AM,12/13/2025 06:00:00 PM,Planned Work,N,N
Cortlandt St,,A/C/E/R/W/2/3,EL727X,EL,Fulton center level to uptown R/W platform and access to rest of complex,Y,12/13/2025 10:26:00 AM,12/13/2025 07:00:00 PM,Repair,N,N
Atlantic Av-Barclays Ctr,,B/D/N/Q/R/2/3/4/5/LIRR,EL700X,EL,Plaza entrance in front of Barclays Center to accessible passageway for access to Manhattan-bound 2/3 platform and rest of complex,Y,12/13/2025 10:46:00 AM,12/13/2025 07:00:00 PM,Repair,N,N
74 St-Broadway,,E/F/M/R/7,ES449,ES,7 underpass to lower mezzanine for E/F/M/R service,N,12/13/2025 11:35:00 AM,12/13/2025 08:00:00 PM,Under Investigation,N,N
Jamaica Center-Parsons/Archer,,E/J/Z,ES439,ES,mezzanine to Parsons Blvd & Archer Ave (SW corner),N,12/13/2025 11:36:00 AM,12/13/2025 08:00:00 PM,Under Investigation,N,N
Canal St,,J/N/Q/R/W/6/Z,EL324,EL,Canal St & Lafayette St (NW corner) to uptown 6 platform,Y,12/16/2025 10:00:00 PM,12/17/2025 06:00:00 AM,Maintenance,Y,N
14 St,,A/C/E/L,EL221,EL,8th Ave & 14 St (NW corner) to mezzanine for A/C/E/L service in both directions,Y,12/16/2025 10:00:00 PM,12/17/2025 06:00:00 AM,Maintenance,Y,N
14 St-Union Sq,,L/N/Q/R/W/4/5/6,EL219,EL,mezzanine to uptown N/Q/R/W platform,Y,12/16/2025 10:00:00 PM,12/17/2025 06:00:00 AM,Maintenance,Y,N
W 4 St-Wash Sq,,A/C/E/B/D/F/M,EL334,EL,downtown A/C/E platform to transfer mezzanine and downtown B/D/F/M platform,Y,12/16/2025 10:00:00 PM,12/17/2025 06:00:00 AM,Maintenance,Y,N
6 Av,,F/M/L/1/2/3,EL617,EL,Mezzanine to downtown and Brooklyn 1/2/3 platform.,Y,12/17/2025 10:00:00 PM,12/18/2025 06:00:00 AM,Maintenance,Y,N
74 St-Broadway,,E/F/M/R/7,EL423,EL,mezzanine to Manhattan-bound 7 platform,Y,12/17/2025 10:00:00 PM,12/18/2025 06:00:00 AM,Maintenance,Y,N
66 St-Lincoln Center,,1,EL238,EL,West side of Broadway (between 65 St & 66 St) to downtown platform,Y,12/17/2025 10:00:00 PM,12/18/2025 06:00:00 AM,Maintenance,Y,N
14 St,,F/M/L/1/2/3,EL616,EL,Mezzanine to uptown 1/2/3 platform.,Y,12/17/2025 10:00:00 PM,12/18/2025 06:00:00 AM,Maintenance,Y,N
Atlantic Av-Barclays Ctr,,B/D/N/Q/R/2/3/4/5/LIRR,EL303,EL,mezzanine (4th Ave & Pacific St) to Manhattan-bound D/N/R platform,Y,12/18/2025 10:00:00 PM,12/19/2025 06:00:00 AM,Maintenance,Y,N
125 St,,A/C/B/D,EL143,EL,Mezzanine to downtown platform,Y,12/18/2025 10:00:00 PM,12/19/2025 06:00:00 AM,Inspection,Y,N
175 St,,A,EL123,EL,177 St & Fort Washington Ave (NE corner) to mezzanine for service in both directions.,Y,12/18/2025 10:00:00 PM,12/19/2025 06:00:00 AM,Inspection,Y,N
175 St,,A,EL124,EL,Mezzanine to platform for service in both directions.,Y,12/18/2025 10:00:00 PM,12/19/2025 06:00:00 AM,Inspection,Y,N
Atlantic Av-Barclays Ctr,,B/D/N/Q/R/2/3/4/5/LIRR,EL301,EL,4th Ave and Pacific St (NE corner) to mezzanine for D/N/R service in both directions and access to rest of complex via Brooklyn-bound 2/3 platform,Y,12/18/2025 10:00:00 PM,12/19/2025 06:00:00 AM,Maintenance,Y,N
Atlantic Av-Barclays Ctr,,B/D/N/Q/R/2/3/4/5/LIRR,EL302,EL,mezzanine (4th Ave & Pacific St) to Coney Island and Bay Ridge-bound D/N/R platform,Y,12/18/2025 10:00:00 PM,12/19/2025 06:00:00 AM,Maintenance,Y,N
Fordham Rd,,4,EL186,EL,Jerome Ave & Fordham Rd (SE corner) to mezzanine for service in both directions,Y,12/19/2025 10:00:00 PM,12/20/2025 06:00:00 AM,Maintenance,Y,N
Atlantic Av-Barclays Ctr,,B/D/N/Q/R/2/3/4/5/LIRR,EL304,EL,Brooklyn-bound 2/3 platform to mezzanine for access to rest of complex,Y,12/19/2025 10:00:00 PM,12/20/2025 06:00:00 AM,Maintenance,Y,N
Fordham Rd,,4,EL188,EL,mezzanine to Manhattan-bound platform,Y,12/19/2025 10:00:00 PM,12/20/2025 06:00:00 AM,Maintenance,Y,N
Fordham Rd,,4,EL187,EL,mezzanine to Woodlawn-bound platform,Y,12/19/2025 10:00:00 PM,12/20/2025 06:00:00 AM,Maintenance,Y,N
Atlantic Av-Barclays Ctr,,B/D/N/Q/R/2/3/4/5/LIRR,EL305,EL,mezzanine to 4/5 platform for service in both directions,Y,12/19/2025 10:00:00 PM,12/20/2025 06:00:00 AM,Maintenance,Y,N
72 St,,1/2/3,EL239,EL,Broadway (between 72 St & 73 St) to uptown platform,Y,12/22/2025 10:00:00 PM,07/31/2026 11:59:00 PM,Capital Replacement,Y,N
72 St,,1/2/3,EL240,EL,Broadway (between 72 St & 73 St) to downtown platform,Y,12/22/2025 10:00:00 PM,07/31/2026 11:59:00 PM,Capital Replacement,Y,N
Flushing-Main St,,7,EL414,EL,East of Main St & Roosevelt Ave to Manhattan-bound platform.,Y,01/02/2026 10:00:00 PM,07/31/2026 11:59:00 PM,Capital Replacement,Y,N
Atlantic Av-Barclays Ctr,,B/D/N/Q/R/2/3/4/5/LIRR,EL307,EL,mezzanine to B/Q platform for service in both directions,Y,03/02/2026 11:59:00 PM,09/30/2026 11:59:00 PM,Capital Replacement,Y,N
Atlantic Av-Barclays Ctr,,B/D/N/Q/R/2/3/4/5/LIRR,EL306,EL,Manhattan-bound 2/3 platform to mezzanine for access to rest of complex,Y,03/02/2026 11:59:00 PM,09/30/2026 11:59:00 PM,Capital Replacement,Y,N
